{"cameraMode":{"drawMode":0,"name":"Shaded","section":"Shading Mode"},"sceneLighting":true,"audioPlay":false,"sceneViewState":{"showFog":false,"showMaterialUpdate":false,"showSkybox":false,"showFlares":false,"showImageEffects":false,"showParticleSystems":false},"in2DMode":false,"pivot":{"x":-43.025482177734378,"y":-6.077095985412598,"z":2.1256256103515627},"rotation":{"x":-0.06389597058296204,"y":0.7004346251487732,"z":-0.06320957839488983,"w":-0.7080347537994385},"size":52.91641616821289,"orthographic":false}