{"cameraMode":{"drawMode":0,"name":"Shaded","section":"Shading Mode"},"sceneLighting":false,"audioPlay":false,"sceneViewState":{"showFog":false,"showMaterialUpdate":false,"showSkybox":false,"showFlares":false,"showImageEffects":false,"showParticleSystems":false},"in2DMode":false,"pivot":{"x":0.006455346941947937,"y":0.9175507426261902,"z":0.23210841417312623},"rotation":{"x":-0.3008825480937958,"y":0.5345153212547302,"z":-0.21133381128311158,"w":-0.7609869837760925},"size":2.298903226852417,"orthographic":false}