{"cameraMode":{"drawMode":0,"name":"Shaded","section":"Shading Mode"},"sceneLighting":true,"audioPlay":false,"sceneViewState":{"showFog":false,"showMaterialUpdate":false,"showSkybox":false,"showFlares":false,"showImageEffects":false,"showParticleSystems":false},"in2DMode":false,"pivot":{"x":0.5503818988800049,"y":1.2584552764892579,"z":0.3179464340209961},"rotation":{"x":-0.1485605537891388,"y":0.25815096497535708,"z":-0.04020536318421364,"w":-0.953766942024231},"size":3.0685105323791506,"orthographic":false}