{"cameraMode":{"drawMode":0,"name":"Shaded","section":"Shading Mode"},"sceneLighting":false,"audioPlay":false,"sceneViewState":{"showFog":false,"showMaterialUpdate":false,"showSkybox":false,"showFlares":false,"showImageEffects":false,"showParticleSystems":false},"in2DMode":false,"pivot":{"x":-0.6168199181556702,"y":4.7231903076171879,"z":0.36122894287109377},"rotation":{"x":-0.012704048305749894,"y":0.9871625304222107,"z":-0.12055093795061112,"w":-0.10400152951478958},"size":5.05829381942749,"orthographic":false}