{"cameraMode":{"drawMode":0,"name":"Shaded","section":"Shading Mode"},"sceneLighting":false,"audioPlay":false,"sceneViewState":{"showFog":false,"showMaterialUpdate":false,"showSkybox":false,"showFlares":false,"showImageEffects":false,"showParticleSystems":false},"in2DMode":false,"pivot":{"x":0.6341854929924011,"y":-1.4925426244735718,"z":-7.805379867553711},"rotation":{"x":0.01626577414572239,"y":-0.9830977916717529,"z":0.1455831229686737,"w":0.10981693863868714},"size":19.367938995361329,"orthographic":false}