{"cameraMode":{"drawMode":0,"name":"Shaded","section":"Shading Mode"},"sceneLighting":true,"audioPlay":false,"sceneViewState":{"showFog":false,"showMaterialUpdate":false,"showSkybox":false,"showFlares":false,"showImageEffects":false,"showParticleSystems":false},"in2DMode":false,"pivot":{"x":18.31206703186035,"y":-8.170178413391114,"z":63.333587646484378},"rotation":{"x":-0.0653441771864891,"y":-0.13693778216838838,"z":0.009056801907718182,"w":-0.9883806109428406},"size":77.90364837646485,"orthographic":false}