{"cameraMode":{"drawMode":0,"name":"Shaded","section":"Shading Mode"},"sceneLighting":false,"audioPlay":false,"sceneViewState":{"showFog":false,"showMaterialUpdate":false,"showSkybox":false,"showFlares":false,"showImageEffects":false,"showParticleSystems":false},"in2DMode":false,"pivot":{"x":0.75040602684021,"y":1.5552154779434205,"z":-0.3167867660522461},"rotation":{"x":0.1649584174156189,"y":-0.3230109214782715,"z":0.05728055536746979,"w":0.9301460385322571},"size":3.8878531455993654,"orthographic":false}