{"cameraMode":{"drawMode":0,"name":"Shaded","section":"Shading Mode"},"sceneLighting":false,"audioPlay":false,"sceneViewState":{"showFog":false,"showMaterialUpdate":false,"showSkybox":false,"showFlares":false,"showImageEffects":false,"showParticleSystems":false},"in2DMode":false,"pivot":{"x":0.6200000047683716,"y":0.7050629258155823,"z":0.36000001430511477},"rotation":{"x":-0.12082645297050476,"y":0.7053579688072205,"z":-0.12398608773946762,"w":-0.6873852610588074},"size":2.152284860610962,"orthographic":false}