{"cameraMode":{"drawMode":0,"name":"Shaded","section":"Shading Mode"},"sceneLighting":false,"audioPlay":false,"sceneViewState":{"showFog":false,"showMaterialUpdate":false,"showSkybox":false,"showFlares":false,"showImageEffects":false,"showParticleSystems":false},"in2DMode":false,"pivot":{"x":0.07745532691478729,"y":0.924460768699646,"z":0.8221083879470825},"rotation":{"x":0.24788761138916017,"y":-0.3356682360172272,"z":0.0920327678322792,"w":0.9041064977645874},"size":2.298903226852417,"orthographic":true}