{"cameraMode":{"drawMode":0,"name":"Shaded","section":"Shading Mode"},"sceneLighting":false,"audioPlay":false,"sceneViewState":{"showFog":false,"showMaterialUpdate":false,"showSkybox":false,"showFlares":false,"showImageEffects":false,"showParticleSystems":false},"in2DMode":false,"pivot":{"x":0.315000057220459,"y":0.6600000858306885,"z":0.0},"rotation":{"x":-0.13112342357635499,"y":0.29951179027557375,"z":-0.041596539318561557,"w":-0.9441235065460205},"size":10.544429779052735,"orthographic":false}