{"cameraMode":{"drawMode":0,"name":"Shaded","section":"Shading Mode"},"sceneLighting":false,"audioPlay":false,"sceneViewState":{"showFog":false,"showMaterialUpdate":false,"showSkybox":false,"showFlares":false,"showImageEffects":false,"showParticleSystems":false},"in2DMode":false,"pivot":{"x":-1.578416109085083,"y":-0.7854647636413574,"z":1.3222525119781495},"rotation":{"x":0.2304384559392929,"y":-0.408873587846756,"z":0.10750123858451843,"w":0.876449704170227},"size":4.657884120941162,"orthographic":false}